save_as,product,brand,current_image_on_old_site,new_page
assets/products/7am.jpg,Omnia.7AM,Omnia,https://btsi.com.ph/wp-content/uploads/2018/08/omnia-7AM.jpg,/products/7am/
assets/products/7fm.jpg,Omnia.7FM,Omnia,https://btsi.com.ph/wp-content/uploads/2018/08/omnia-7FM.jpg,/products/7fm/
assets/products/9sg.jpg,Omnia.9sg Broadcast Stereo Generator,Omnia,https://btsi.com.ph/wp-content/uploads/2018/08/omnia-9sg-front.jpg,/products/9sg/
assets/products/9x2.jpg,Telos Z/IPStream 9X/2,Telos,https://btsi.com.ph/wp-content/uploads/2018/08/ZIPStream-9X2.jpg,/products/9x2/
assets/products/adbox.jpg,PlayBox AdBox Neo,PlayBox,https://btsi.com.ph/wp-content/uploads/2018/08/PlayBox-AdBox-logo.png,/products/adbox/
assets/products/aero-10.jpg,Linear Acoustic AERO.10 DTV Audio Processor,Linear Acoustic,https://btsi.com.ph/wp-content/uploads/2018/08/linear-acoustic-AERO10.jpg,/products/aero-10/
assets/products/aero-100.jpg,Linear Acoustic AERO.100 DTV Audio Processor,Linear Acoustic,https://btsi.com.ph/wp-content/uploads/2018/08/linear-acoustic-AERO100.jpg,/products/aero-100/
assets/products/aero-2000.jpg,Linear Acoustic AERO.2000 Audio/Loudness Manager,Linear Acoustic,https://btsi.com.ph/wp-content/uploads/2018/08/linear-acoustic-AERO2000.jpg,/products/aero-2000/
assets/products/aero-8000.jpg,Linear Acoustic AERO.8000,Linear Acoustic,https://btsi.com.ph/wp-content/uploads/2018/08/linear-acoustic-AEROsoft.jpg,/products/aero-8000/
assets/products/airbox.jpg,PlayBox AirBox Neo,PlayBox,https://btsi.com.ph/wp-content/uploads/2018/08/PlayBox-AirBox-logo.png,/products/airbox/
assets/products/alpan.jpg,Itelco ALPAN Compact TX,Itelco,https://btsi.com.ph/wp-content/uploads/2018/08/itelco-alpan.jpg,/products/alpan/
assets/products/capturebox.jpg,PlayBox CaptureBox Neo,PlayBox,https://btsi.com.ph/wp-content/uploads/2018/08/PlayBox-CaptureBox-logo.png,/products/capturebox/
assets/products/cinema-round.jpg,Vicoustic Cinema Round,Vicoustic,https://btsi.com.ph/wp-content/uploads/2018/08/vicoustic-cinemar-round1-foam_grande.jpg,/products/cinema-round/
assets/products/cloudair.jpg,PlayBox CloudAir,PlayBox,https://btsi.com.ph/wp-content/uploads/2018/08/PlayBox-CloudAir.jpg,/products/cloudair/
assets/products/databox.jpg,PlayBox DataBox Neo,PlayBox,https://btsi.com.ph/wp-content/uploads/2018/08/PlayBox-DataBox-logo.png,/products/databox/
assets/products/desq.jpg,Axia DESQ Compact Desktop IP-Audio Console,Axia,https://btsi.com.ph/wp-content/uploads/2018/08/axia-DESQ.jpg,/products/desq/
assets/products/ebox.jpg,Elenos eBox Remote Control Unit,Elenos,https://btsi.com.ph/wp-content/uploads/2018/08/elenos-ebox-01.jpg,/products/ebox/
assets/products/echos3.jpg,Elenos ECHOS 3 Remote Control Unit,Elenos,https://btsi.com.ph/wp-content/uploads/2018/08/elenos-echos3-01.jpg,/products/echos3/
assets/products/ecos.jpg,Elenos Change Over System ECOS N+1 SYSTEMS,Elenos,https://btsi.com.ph/wp-content/uploads/2018/08/elenos-ecos-n1-01.jpg,/products/ecos/
assets/products/flat-panel-60-4-m1-fs.jpg,Vicoustic Flat Panel 60.4 M1 FS,Vicoustic,https://btsi.com.ph/wp-content/uploads/2018/08/vicoustic-flat-panel-60-4-m1-fs_grande.jpg,/products/flat-panel-60-4-m1-fs/
assets/products/flat-panel-60-4-tech-fs.jpg,Vicoustic Flat Panel 60.4 Tech FS,Vicoustic,https://btsi.com.ph/wp-content/uploads/2018/08/vicoustic-flat-panel-60-fs-04_grande.jpg,/products/flat-panel-60-4-tech-fs/
assets/products/flexi-a50.jpg,Vicoustic Flexi A50,Vicoustic,https://btsi.com.ph/wp-content/uploads/2018/08/vicoustic-flexi-a50.jpg,/products/flexi-a50/
assets/products/fm-digital-transmitter.jpg,Elenos FM DIGITAL ETG Indium FM Transmitter,Elenos,https://btsi.com.ph/wp-content/uploads/2018/08/elenos-fm-digital-01.jpg,/products/fm-digital-transmitter/
assets/products/fm-solar-renewable.jpg,Elenos FM Solar Renewable Transmitter,Elenos,https://btsi.com.ph/wp-content/uploads/2018/08/elenos-fm-solar-renewable-01.jpg,/products/fm-solar-renewable/
assets/products/fm-transmitters-20w-2000w.jpg,Elenos FM Transmitters 20W to 2000W,Elenos,https://btsi.com.ph/wp-content/uploads/2018/08/elenos-fm-low-01.jpg,/products/fm-transmitters-20w-2000w/
assets/products/fusion-aoip-mixing-console.jpg,Axia Fusion AoIP Mixing Console,Axia,https://btsi.com.ph/wp-content/uploads/2018/08/axia-fusion-left.jpg,/products/fusion-aoip-mixing-console/
assets/products/high-power.jpg,Elenos FM Transmitters 10000W to 60000W ETG Indium,Elenos,https://btsi.com.ph/wp-content/uploads/2018/08/elenos-fm-high-01.jpg,/products/high-power/
assets/products/hx.jpg,Telos Hx1 and Hx2 Digital Hybrids,Telos,https://btsi.com.ph/wp-content/uploads/2018/08/telos-hx-stack.jpg,/products/hx/
assets/products/hx6.jpg,Telos Hx6 Six-Line Talkshow System,Telos,https://btsi.com.ph/wp-content/uploads/2018/08/telos-Hx6-front.jpg,/products/hx6/
assets/products/intellimix.jpg,Yellowtec Intellimix,Yellowtec,https://btsi.com.ph/wp-content/uploads/2018/08/yellowtec-intellimix-1.jpg,/products/intellimix/
assets/products/ip-audio.jpg,Axia Livewire+ AES67 IP-Audio Driver,Axia,https://btsi.com.ph/wp-content/uploads/2018/08/Axia-IP-Audio-Driver.jpg,/products/ip-audio/
assets/products/ip-tablet.jpg,Axia IP-Tablet Virtual Radio Software,Axia,https://btsi.com.ph/wp-content/uploads/2018/08/axia-IP-Tablet.jpg,/products/ip-tablet/
assets/products/iplay.jpg,Axia iPlay Network Stream Player for Windows,Axia,https://btsi.com.ph/wp-content/uploads/2018/08/axia-iPlay.jpg,/products/iplay/
assets/products/iport.jpg,Telos Zephyr iPort PLUS Multi-Codec Gateway,Telos,https://btsi.com.ph/wp-content/uploads/2018/08/telos-Zephyr-iPort-front.jpg,/products/iport/
assets/products/iprobe.jpg,Axia iProbe IP-Audio Network Management Software,Axia,https://btsi.com.ph/wp-content/uploads/2018/08/axia-iProbe.jpg,/products/iprobe/
assets/products/iprofiler.jpg,Axia iProfiler Automated Program Archiving,Axia,https://btsi.com.ph/wp-content/uploads/2018/08/axia-iProfiler.jpg,/products/iprofiler/
assets/products/iq-aoip-mixing-console.jpg,Axia iQ AoIP Mixing Console,Axia,https://btsi.com.ph/wp-content/uploads/2018/08/axia-iQ.jpg,/products/iq-aoip-mixing-console/
assets/products/iq6.jpg,Telos iQ6 Six-Line Telco Gateway,Telos,https://btsi.com.ph/wp-content/uploads/2018/08/telos-iQ6-front.jpg,/products/iq6/
assets/products/listbox.jpg,PlayBox ListBox Neo,PlayBox,https://btsi.com.ph/wp-content/uploads/2018/08/PlayBox-ListBox-logo.png,/products/listbox/
assets/products/litt.jpg,Yellowtec litt LED Signaling Device,Yellowtec,https://btsi.com.ph/wp-content/uploads/2018/08/yellowtec-litt.jpg,/products/litt/
assets/products/liveshot-portable.jpg,Comrex LiveShot Portable,Comrex,https://btsi.com.ph/wp-content/uploads/2018/08/Comrex-Liveshot-Portable.jpg,/products/liveshot-portable/
assets/products/liveshot-rackmount.jpg,Comrex LiveShot Rackmount,Comrex,https://btsi.com.ph/wp-content/uploads/2018/08/Comrex-Liveshot-Rackmount.jpg,/products/liveshot-rackmount/
assets/products/medium-power.jpg,Elenos FM Transmitters 3500W to 5000W,Elenos,https://btsi.com.ph/wp-content/uploads/2018/08/elenos-fm-medium-03.jpg,/products/medium-power/
assets/products/mex-ii.jpg,Itelco MEX II TV Exciters,Itelco,https://btsi.com.ph/wp-content/uploads/2018/08/itelco-mex-exciter.jpg,/products/mex-ii/
assets/products/mic-arm.jpg,Yellowtec m!ka Mic Arm,Yellowtec,https://btsi.com.ph/wp-content/uploads/2018/03/yt-micarm-on-air.jpg,/products/mic-arm/
assets/products/mix-kit-pulsar.jpg,Vicoustic Mix Kit Pulsar,Vicoustic,https://btsi.com.ph/wp-content/uploads/2018/08/vicoustic-mix-kit-pulsar_grande.jpg,/products/mix-kit-pulsar/
assets/products/mpm.jpg,PlayBox Multi Playout Manager,PlayBox,https://btsi.com.ph/wp-content/uploads/2018/08/PlayBox-MPM-logo.png,/products/mpm/
assets/products/mpx.jpg,Omnia µMPX (Micro MPX) Standalone Software,Omnia,https://btsi.com.ph/wp-content/uploads/2018/08/Omnia-µMPX_FMTilt.jpg,/products/mpx/
assets/products/music.jpg,WinMedia Music,WinMedia,https://btsi.com.ph/wp-content/uploads/2018/08/winmedia-music.jpg,/products/music/
assets/products/northia.jpg,Itelco NORTHIA Liquid Cooled TX,Itelco,https://btsi.com.ph/wp-content/uploads/2018/08/itelco-northia.jpg,/products/northia/
assets/products/omnia-9-audio-processor.jpg,Omnia.9 Audio Processor,Omnia,https://btsi.com.ph/wp-content/uploads/2018/08/omnia-9.jpg,/products/omnia-9-audio-processor/
assets/products/omnia11.jpg,Omnia.11 Audio Processor,Omnia,https://btsi.com.ph/wp-content/uploads/2018/08/omnia-11.jpg,/products/omnia11/
assets/products/on-air.jpg,WinMedia On-Air,WinMedia,https://btsi.com.ph/wp-content/uploads/2018/08/winmedia-on-air.jpg,/products/on-air/
assets/products/pathfinder-core-pro.jpg,Axia Pathfinder Core PRO Routing Control Appliance,Axia,https://btsi.com.ph/wp-content/uploads/2018/08/axia-pathfinder.jpg,/products/pathfinder-core-pro/
assets/products/pathfinder-routing-control.jpg,Axia Pathfinder Routing Control,Axia,https://btsi.com.ph/wp-content/uploads/2018/08/axia-pathfinder-routing-software.jpg,/products/pathfinder-routing-control/
assets/products/playout.jpg,WinMedia Playout,WinMedia,https://btsi.com.ph/wp-content/uploads/2018/08/winmedia-playout.jpg,/products/playout/
assets/products/powerstation.jpg,Axia PowerStation Integrated Console Engine,Axia,https://btsi.com.ph/wp-content/uploads/2018/08/axia-powerstation.jpg,/products/powerstation/
assets/products/productionairbox.jpg,PlayBox ProductionAirBox Neo,PlayBox,https://btsi.com.ph/wp-content/uploads/2018/08/PlayBox-ProductionAirBox-logo.png,/products/productionairbox/
assets/products/qor16.jpg,Axia QOR.16 Integrated Console Engine,Axia,https://btsi.com.ph/wp-content/uploads/2018/08/axia-QOR16.jpg,/products/qor16/
assets/products/qor32.jpg,Axia QOR.32 Integrated Console Engine,Axia,https://btsi.com.ph/wp-content/uploads/2018/08/axia-QOR32.jpg,/products/qor32/
assets/products/r1.jpg,Telos Z/IPStream R/1,Telos,https://btsi.com.ph/wp-content/uploads/2018/08/ZIPStream-R1-front.jpg,/products/r1/
assets/products/r2.jpg,Telos Z/IPStream R/2,Telos,https://btsi.com.ph/wp-content/uploads/2018/08/ZIPStream-R2-front.jpg,/products/r2/
assets/products/radius.jpg,Axia Radius 8-Fader AoIP Mixing Console,Axia,https://btsi.com.ph/wp-content/uploads/2018/08/axia-radius.jpg,/products/radius/
assets/products/raq.jpg,Axia RAQ Rack-mount IP-Audio Console,Axia,https://btsi.com.ph/wp-content/uploads/2018/08/axia-RAQ.jpg,/products/raq/
assets/products/routing-control-panels.jpg,Axia Routing Control Panels,Axia,https://btsi.com.ph/wp-content/uploads/2018/08/axia-routing-controls.jpg,/products/routing-control-panels/
assets/products/safebox.jpg,PlayBox SafeBox Neo,PlayBox,https://btsi.com.ph/wp-content/uploads/2018/08/PlayBox-SafeBox-logo.png,/products/safebox/
assets/products/socialmediabox.jpg,PlayBox SocialMediaBox Neo,PlayBox,https://btsi.com.ph/wp-content/uploads/2018/08/PlayBox-SocialMediaBox-logo.png,/products/socialmediabox/
assets/products/softsurface.jpg,Axia SoftSurface,Axia,https://btsi.com.ph/wp-content/uploads/2018/08/axia-SoftSurface.jpg,/products/softsurface/
assets/products/sst.jpg,OmniaSST Audio Processing Software,Omnia,https://btsi.com.ph/wp-content/uploads/2018/08/omnia-SST-main.jpg,/products/sst/
assets/products/studio-control-panels.jpg,Axia Studio Control Panels,Axia,https://btsi.com.ph/wp-content/uploads/2018/08/axia-studio-control-panels.jpg,/products/studio-control-panels/
assets/products/studioengine.jpg,Axia StudioEngine DSP Mixing Engine,Axia,https://btsi.com.ph/wp-content/uploads/2018/08/axia-studioengine.jpg,/products/studioengine/
assets/products/super-kit-md55.jpg,Vicoustic Super Kit MD55,Vicoustic,https://btsi.com.ph/wp-content/uploads/2018/08/vicoustic-super-kit-md55.jpg,/products/super-kit-md55/
assets/products/thalna.jpg,Itelco THALNA Air Cooled TX,Itelco,https://btsi.com.ph/wp-content/uploads/2018/08/itelco-thalna.jpg,/products/thalna/
assets/products/titlebox.jpg,PlayBox TitleBox Neo,PlayBox,https://btsi.com.ph/wp-content/uploads/2018/08/PlayBox-TitleBox-logo.png,/products/titlebox/
assets/products/traffic.jpg,WinMedia Traffic,WinMedia,https://btsi.com.ph/wp-content/uploads/2018/08/winmedia-traffic.jpg,/products/traffic/
assets/products/ts7100.jpg,Tecsys TS7100 IRD Digital Satellite,Tecsys,https://btsi.com.ph/wp-content/uploads/2018/08/tecsys-ts7100-front.jpg,/products/ts7100/
assets/products/ts8200.jpg,Tecsys TS8200 Digital Media Converter,Tecsys,https://btsi.com.ph/wp-content/uploads/2018/08/tecsys-ts8200-front.jpg,/products/ts8200/
assets/products/ts8300.jpg,Tecsys TS8300 Digital Media Converter,Tecsys,https://btsi.com.ph/wp-content/uploads/2018/08/tecsys-ts8300-front.jpg,/products/ts8300/
assets/products/ts9090-asi-ip.jpg,Tecsys TS9090-ASI/IP Converter,Tecsys,https://btsi.com.ph/wp-content/uploads/2018/08/tecsys-ts9090-ASI-IP.jpg,/products/ts9090-asi-ip/
assets/products/ts9090-hd.jpg,Tecsys TS9090-HD H.264/MPEG-2 Encoder,Tecsys,https://btsi.com.ph/wp-content/uploads/2018/08/tecsys-ts9090-HD_SD_1seg.jpg,/products/ts9090-hd/
assets/products/ts9500-isdb.jpg,Tecsys TS9500-ISDB Digital Modulator,Tecsys,https://btsi.com.ph/wp-content/uploads/2018/08/tecsys-ts9500-isdb.jpg,/products/ts9500-isdb/
assets/products/tv-mic-arm.jpg,Yellowtec m!ka TV Mic Arm,Yellowtec,https://btsi.com.ph/wp-content/uploads/2018/08/yellowtec-mka-mic-arm-tv-silver-onair.jpg,/products/tv-mic-arm/
assets/products/uhf-band.jpg,Aldena UHF Band IV-V DVB-T,Aldena,https://btsi.com.ph/wp-content/uploads/2018/08/UHF-Band-IV-V-button.jpg,/products/uhf-band/
assets/products/upmax-v4-d.jpg,Linear Acoustic UPMAX v4-D Surroundfield Controller,Linear Acoustic,https://btsi.com.ph/wp-content/uploads/2018/08/linear-acoustic-UPMAX.jpg,/products/upmax-v4-d/
assets/products/vhf-band-fm.jpg,Aldena VHF Band FM,Aldena,https://btsi.com.ph/wp-content/uploads/2018/08/VHF-Band-II-button.jpg,/products/vhf-band-fm/
assets/products/vhf-band-i.jpg,Aldena VHF Band I Radio and TV,Aldena,https://btsi.com.ph/wp-content/uploads/2018/08/VHF-Band-I-button.jpg,/products/vhf-band-i/
assets/products/vhf-band-iii.jpg,Aldena VHF Band III DAB and TV,Aldena,https://btsi.com.ph/wp-content/uploads/2018/08/VHF-Band-III-button.jpg,/products/vhf-band-iii/
assets/products/vicoustic-pulsar-panel.jpg,Vicoustic Pulsar Panel,Vicoustic,https://btsi.com.ph/wp-content/uploads/2018/08/vicoustic-pulsar-panel_grande.jpg,/products/vicoustic-pulsar-panel/
assets/products/voco8.jpg,Omnia VOCO 8,Omnia,https://btsi.com.ph/wp-content/uploads/2018/08/omnia-VOCO-8.jpg,/products/voco8/
assets/products/volt.jpg,Omnia VOLT,Omnia,https://btsi.com.ph/wp-content/uploads/2018/08/omnia-VOLT.jpg,/products/volt/
assets/products/vset.jpg,Telos VSet,Telos,https://btsi.com.ph/wp-content/uploads/2018/03/telos-VX-VSet6.jpg,/products/vset/
assets/products/vx-prime-broadcast-voip.jpg,Telos VX Prime Broadcast VoIP,Telos,https://btsi.com.ph/wp-content/uploads/2018/08/telos-VX-prime-voip-system.jpg,/products/vx-prime-broadcast-voip/
assets/products/x2.jpg,Telos Z/IPStream X/2,Telos,https://btsi.com.ph/wp-content/uploads/2018/08/ZIPStream-X2.jpg,/products/x2/
assets/products/xda-10kw-am-transmitter.jpg,Continental Lensa X.DA 10KW AM Transmitter,Continental Lensa,https://btsi.com.ph/wp-content/uploads/2018/08/continental-lensa-AM-10KW.jpg,/products/xda-10kw-am-transmitter/
assets/products/xda-15kw-am-transmitter.jpg,Continental Lensa X.DA 15KW AM Transmitter,Continental Lensa,https://btsi.com.ph/wp-content/uploads/2018/08/continental-lensa-AM-15KW.jpg,/products/xda-15kw-am-transmitter/
assets/products/xda-20kw-am-transmitter.jpg,Continental Lensa X.DA 20KW AM Transmitter,Continental Lensa,https://btsi.com.ph/wp-content/uploads/2018/08/continental-lensa-AM-20KW.jpg,/products/xda-20kw-am-transmitter/
assets/products/xda-25kw-am-transmitter.jpg,Continental Lensa X.DA 25KW AM Transmitter,Continental Lensa,https://btsi.com.ph/wp-content/uploads/2018/08/continental-lensa-AM-25KW.jpg,/products/xda-25kw-am-transmitter/
assets/products/xda-30kw-am-transmitter.jpg,Continental Lensa X.DA 30KW AM Transmitter,Continental Lensa,https://btsi.com.ph/wp-content/uploads/2018/08/continental-lensa-AM-30KW.jpg,/products/xda-30kw-am-transmitter/
assets/products/xda-3kw-am-transmitter.jpg,Continental Lensa X.DA 3KW AM Transmitter,Continental Lensa,https://btsi.com.ph/wp-content/uploads/2018/08/continental-lensa-AM-3KW.jpg,/products/xda-3kw-am-transmitter/
assets/products/xda-50kw-am-transmitter.jpg,Continental Lensa X.DA 50KW AM Transmitter,Continental Lensa,https://btsi.com.ph/wp-content/uploads/2018/08/continental-lensa-AM-50KW.jpg,/products/xda-50kw-am-transmitter/
assets/products/xda-5kw-am-digital-transmitter.jpg,Continental Lensa X.DA 5KW AM Transmitter,Continental Lensa,https://btsi.com.ph/wp-content/uploads/2018/08/continental-lensa-AM-5KW.jpg,/products/xda-5kw-am-digital-transmitter/
assets/products/xnodes.jpg,Telos Alliance xNodes,Telos,https://btsi.com.ph/wp-content/uploads/2018/08/axia-xNode-Analog.jpg,/products/xnodes/
assets/products/xselector.jpg,Axia xSelector,Axia,https://btsi.com.ph/wp-content/uploads/2018/08/axia-xSelector.jpg,/products/xselector/
assets/products/xstream.jpg,Telos Zephyr Xstream ISDN Codec,Telos,https://btsi.com.ph/wp-content/uploads/2018/08/telos-Zephyr-XStream.jpg,/products/xstream/
assets/products/xswitch.jpg,Telos Alliance xSwitch,Telos,https://btsi.com.ph/wp-content/uploads/2018/08/axia-xSwitch.jpg,/products/xswitch/
assets/products/zip-one.jpg,Telos Z/IP ONE IP Broadcast Codec,Telos,https://btsi.com.ph/wp-content/uploads/2018/08/telos-ZIP-ONE-front.jpg,/products/zip-one/
